id,name
500013,Bob Gardner
500014,Monica Perry
500015,Michael Peterson
500016,Matthew Taylor
500017,Elizabeth Johnson
500018,
500019,Wendy Campbell
500020,Mr. Robert Williams
500021,Lauren Hernandez
500022,Jason Logan
500023,Laurie King
500024,
500025,Tracy Smith
500026,
500027,James Ramos
500028,Timothy Branch
500029,Stephanie Martinez
500030,Jason Hicks
500031,Joy Palmer
500032,Donna Parks
500033,Dana Hardy
500034,Peter Hill
500035,Brandon Garcia
500036,Elizabeth Norris
500037,Tony Cowan
500038,Don Alexander
500039,Kyle Proctor
500040,Heather Vega
500041,Tonya Vang
500042,Kyle Gonzales
500043,Emily Carter
500044,
500045,David Evans
500046,
500047,Carolyn Hall
500048,April Ball
500049,James Atkinson
500050,Pam Medina
500051,Anthony Jackson
500052,Sophia Gardner
500053,Timothy Faulkner
500054,Matthew Olson
500055,John Thomas
500056,John Hudson
500057,Stacy Smith
500058,Whitney Sullivan
500059,Donald Mcdaniel
500060,Elizabeth Oneal
500061,Marcus Alvarez
500062,Jacqueline Adams
999963,Stephen Coleman
999964,Rita Brennan
999965,Billy Owen
999966,Mark Sanchez
999967,Dr. Joseph Stephens DDS
999968,Mary Barnes
999969,Brett Martinez
999970,Emily Wilcox
999971,Joshua Harris
999972,Michael Perez
999973,Jeremy Cooper
999974,Christina Hood
999975,Kevin Matthews
999976,Patricia Rangel
999977,Adam Mccarthy Jr.
999978,Logan Winters
999979,Tracy Newman
999980,Daniel Nelson
999981,
999982,
999983,Jacqueline Herman
999984,
999985,Christopher Salinas
999986,
999987,Michael Cuevas
999988,
999989,Jose Wallace
999990,Danielle Torres MD
999991,Michelle Kennedy
999992,Tamara Vega
999993,Sally Lee
999994,Michael Ramos
999995,Jeremy Johnson
999996,Jessica Edwards
999997,Jerry Mcpherson
999998,Sarah Lucas MD
999999,
1000000,Kimberly Holland
1000001,William Evans
1000002,Kaitlyn Carroll
1000003,Troy Aguirre
1000004,Mr. Christopher Campos DDS
1000005,David Schultz
1000006,Johnny Bell
1000007,Patricia Taylor
1000008,
1000009,Krystal Villegas
1000010,Stephanie Rosario
1000011,Sharon Pierce
1000012,Mrs. Alejandra Rocha
